[
    {
        "id": 89699734,
        "tag_name": "v5.2.16",
        "name": "Release 5.2.16",
        "draft": false,
        "prerelease": false,
        "body": "* Pinned AndroidX library versions to prevent compilation errors for Android builds.",
        "created_at": "2023-01-20T13:46:20Z",
        "published_at": "2023-01-20T14:13:28Z",
        "tarball_url": "https://api.github.com/repos/mendix/native-template/tarball/v5.2.16",
        "zipball_url": "https://api.github.com/repos/mendix/native-template/zipball/v5.2.16"
    },
    {
        "id": 87296164,
        "tag_name": "v6.3.4",
        "name": "Release 6.3.4",
        "draft": false,
        "prerelease": false,
        "body": "### Fixes\r\n- We changed the order of repositories in Android builds to fix an issue with jitpack.io",
        "created_at": "2022-12-27T11:49:04Z",
        "published_at": "2022-12-27T11:54:12Z",
        "tarball_url": "https://api.github.com/repos/mendix/native-template/tarball/v6.3.4",
        "zipball_url": "https://api.github.com/repos/mendix/native-template/zipball/v6.3.4"
    },
    {
        "id": 87296176,
        "tag_name": "v6.2.29",
        "name": "Release 6.2.29",
        "draft": false,
        "prerelease": false,
        "body": "### Fixes\r\n- We changed the order of repositories in Android builds to fix an issue with jitpack.io",
        "created_at": "2022-12-27T11:49:20Z",
        "published_at": "2022-12-27T11:54:02Z",
        "tarball_url": "https://api.github.com/repos/mendix/native-template/tarball/v6.2.29",
        "zipball_url": "https://api.github.com/repos/mendix/native-template/zipball/v6.2.29"
    },
    {
        "id": 87296180,
        "tag_name": "v5.2.15",
        "name": "Release 5.2.15",
        "draft": false,
        "prerelease": false,
        "body": "### Fixes\r\n- We changed the order of repositories in Android builds to fix an issue with jitpack.io",
        "created_at": "2022-12-27T11:49:25Z",
        "published_at": "2022-12-27T11:53:45Z",
        "tarball_url": "https://api.github.com/repos/mendix/native-template/tarball/v5.2.15",
        "zipball_url": "https://api.github.com/repos/mendix/native-template/zipball/v5.2.15"
    },
    {
        "id": 87296192,
        "tag_name": "v5.1.21",
        "name": "Release 5.1.21",
        "draft": false,
        "prerelease": false,
        "body": "### Fixes\r\n- We changed the order of repositories in Android builds to fix an issue with jitpack.io",
        "created_at": "2022-12-27T11:49:37Z",
        "published_at": "2022-12-27T11:53:30Z",
        "tarball_url": "https://api.github.com/repos/mendix/native-template/tarball/v5.1.21",
        "zipball_url": "https://api.github.com/repos/mendix/native-template/zipball/v5.1.21"
    },
    {
        "id": 82572893,
        "tag_name": "v6.3.3",
        "name": "Release 6.3.3",
        "draft": false,
        "prerelease": false,
        "body": "## Fixes\r\n\r\n* We fixed an issue with push notifications not working correctly on Android 12 devices. (Tickets 167479, 167837, 168814)\r\n\r\n### Update Your Native Mobile Resources Module\r\n\r\nDue to a library update, your Native Template must be aligned with Native Mobile Resources or else your build will fail. Please make sure you are using the newest version of the Native Mobile Resources module from Marketplace (currently [version 3.13.0](https://marketplace.mendix.com/link/component/109513)).\r\n\r\nIf you already have a project in AppCenter, then you must add the following environment variable to ensure compatibility:\r\n\r\n1. Open your project in AppCenter and go to **Build** menu item.\r\n1. In **all branches**, click the wrench icon.\r\n1. In **Environment Variable**, add the following **Name** and **Value** (if this option is not enabled, enable it):\r\n    1. Name: **JAVA_HOME**.\r\n    1. Value: **$(JAVA_HOME_11_X64)**.\r\n\r\nIn the end, your variable should be set up like this:\r\n\r\n![env_var](https://user-images.githubusercontent.com/45102481/200879507-cdba57bd-6b99-44be-a838-e243fa324bdb.png)\r\n\r\n",
        "created_at": "2022-11-10T15:26:32Z",
        "published_at": "2022-11-11T06:44:09Z",
        "tarball_url": "https://api.github.com/repos/mendix/native-template/tarball/v6.3.3",
        "zipball_url": "https://api.github.com/repos/mendix/native-template/zipball/v6.3.3"
    },
    {
        "id": 82381996,
        "tag_name": "v6.3.2",
        "name": "Release 6.3.2",
        "draft": false,
        "prerelease": false,
        "body": "### Fixes\r\n\r\n- We fixed an issues related to a recent React Native release that caused Android build failures. Tickets 170385, 170396, 170398 and 170469.",
        "created_at": "2022-11-08T12:23:15Z",
        "published_at": "2022-11-08T12:28:53Z",
        "tarball_url": "https://api.github.com/repos/mendix/native-template/tarball/v6.3.2",
        "zipball_url": "https://api.github.com/repos/mendix/native-template/zipball/v6.3.2"
    },
    {
        "id": 82381595,
        "tag_name": "v6.2.28",
        "name": "Release 6.2.28",
        "draft": false,
        "prerelease": false,
        "body": "### Fixes\r\n\r\n- We fixed an issues related to a recent React Native release that caused Android build failures. Tickets 170385, 170396, 170398 and 170469.",
        "created_at": "2022-11-08T12:23:15Z",
        "published_at": "2022-11-08T12:28:41Z",
        "tarball_url": "https://api.github.com/repos/mendix/native-template/tarball/v6.2.28",
        "zipball_url": "https://api.github.com/repos/mendix/native-template/zipball/v6.2.28"
    },
    {
        "id": 82381589,
        "tag_name": "v5.2.14",
        "name": "Release 5.2.14",
        "draft": false,
        "prerelease": false,
        "body": "### Fixes\r\n\r\n- We fixed an issues related to a recent React Native release that caused Android build failures. Tickets 170385, 170396, 170398 and 170469.\r\n- We fixed an issue to build Android apps locally using Apple M1 machines.",
        "created_at": "2022-11-08T12:23:11Z",
        "published_at": "2022-11-08T12:28:28Z",
        "tarball_url": "https://api.github.com/repos/mendix/native-template/tarball/v5.2.14",
        "zipball_url": "https://api.github.com/repos/mendix/native-template/zipball/v5.2.14"
    },
    {
        "id": 82381579,
        "tag_name": "v5.1.20",
        "name": "Release 5.1.20",
        "draft": false,
        "prerelease": false,
        "body": "### Fixes\r\n\r\n- We fixed an issues related to a recent React Native release that caused Android build failures. Tickets 170385, 170396, 170398 and 170469.\r\n- We fixed an issue to build Android apps locally using Apple M1 machines.",
        "created_at": "2022-11-08T12:23:05Z",
        "published_at": "2022-11-08T12:28:14Z",
        "tarball_url": "https://api.github.com/repos/mendix/native-template/tarball/v5.1.20",
        "zipball_url": "https://api.github.com/repos/mendix/native-template/zipball/v5.1.20"
    },
    {
        "id": 79152954,
        "tag_name": "v6.3.1",
        "name": "Release 6.3.1",
        "draft": false,
        "prerelease": false,
        "body": "### Fixes\r\n- We removed default permissions for read and write external storage for Android",
        "created_at": "2022-10-06T11:33:47Z",
        "published_at": "2022-10-06T11:35:37Z",
        "tarball_url": "https://api.github.com/repos/mendix/native-template/tarball/v6.3.1",
        "zipball_url": "https://api.github.com/repos/mendix/native-template/zipball/v6.3.1"
    },
    {
        "id": 77650234,
        "tag_name": "v6.3.0",
        "name": "Release 6.3.0",
        "draft": false,
        "prerelease": false,
        "body": "### Features\r\n\r\n- We improved our app security allowing apps to use new Database encryption capability of Studio Pro 9.18",
        "created_at": "2022-09-19T07:33:59Z",
        "published_at": "2022-09-20T12:16:04Z",
        "tarball_url": "https://api.github.com/repos/mendix/native-template/tarball/v6.3.0",
        "zipball_url": "https://api.github.com/repos/mendix/native-template/zipball/v6.3.0"
    },
    {
        "id": 77375074,
        "tag_name": "v6.2.27",
        "name": "Release 6.2.27",
        "draft": false,
        "prerelease": false,
        "body": "### Features\r\n\r\n- We added support from the following fonts from `react-native-vector-icons` library:\r\n    * AntDesign\r\n    * Entype\r\n    * EvilIcons\r\n    * Feather\r\n    * FontAwesome\r\n    * FontAwesome 5\r\n    * Fontisto\r\n    * Foundation\r\n    * Ionicons\r\n    * MaterialCommunityIcons\r\n    * MaterialIcons\r\n    * Octicons\r\n    * SimpleLineIcons\r\n    * Zocial\r\n",
        "created_at": "2022-09-16T09:18:51Z",
        "published_at": "2022-09-19T16:19:51Z",
        "tarball_url": "https://api.github.com/repos/mendix/native-template/tarball/v6.2.27",
        "zipball_url": "https://api.github.com/repos/mendix/native-template/zipball/v6.2.27"
    },
    {
        "id": 78287100,
        "tag_name": "v6.3.1-beta.1",
        "name": "MOO-669",
        "draft": false,
        "prerelease": true,
        "body": "",
        "created_at": "2022-09-15T14:19:17Z",
        "published_at": "2022-09-27T12:27:16Z",
        "tarball_url": "https://api.github.com/repos/mendix/native-template/tarball/v6.3.1-beta.1",
        "zipball_url": "https://api.github.com/repos/mendix/native-template/zipball/v6.3.1-beta.1"
    },
    {
        "id": 77130624,
        "tag_name": "v6.3.0-beta.4",
        "name": "v6.3.0-beta.4",
        "draft": false,
        "prerelease": true,
        "body": "",
        "created_at": "2022-09-14T12:44:48Z",
        "published_at": "2022-09-14T12:47:22Z",
        "tarball_url": "https://api.github.com/repos/mendix/native-template/tarball/v6.3.0-beta.4",
        "zipball_url": "https://api.github.com/repos/mendix/native-template/zipball/v6.3.0-beta.4"
    },
    {
        "id": 76994127,
        "tag_name": "v6.3.0-beta.2",
        "name": "v6.3.0-beta.2",
        "draft": false,
        "prerelease": true,
        "body": "MOO-666",
        "created_at": "2022-09-13T10:45:06Z",
        "published_at": "2022-09-13T11:26:18Z",
        "tarball_url": "https://api.github.com/repos/mendix/native-template/tarball/v6.3.0-beta.2",
        "zipball_url": "https://api.github.com/repos/mendix/native-template/zipball/v6.3.0-beta.2"
    },
    {
        "id": 76608496,
        "tag_name": "v6.2.26",
        "name": "Release 6.2.26",
        "draft": false,
        "prerelease": false,
        "body": "### Features\r\n- We enabled compatibility with Android 12 and above.",
        "created_at": "2022-09-08T15:13:24Z",
        "published_at": "2022-09-08T15:19:01Z",
        "tarball_url": "https://api.github.com/repos/mendix/native-template/tarball/v6.2.26",
        "zipball_url": "https://api.github.com/repos/mendix/native-template/zipball/v6.2.26"
    },
    {
        "id": 76559204,
        "tag_name": "v6.3.0-beta.1",
        "name": "v6.3.0-beta.1",
        "draft": false,
        "prerelease": true,
        "body": "Use \"@mendix/native\" lib",
        "created_at": "2022-09-07T14:49:22Z",
        "published_at": "2022-09-08T07:07:10Z",
        "tarball_url": "https://api.github.com/repos/mendix/native-template/tarball/v6.3.0-beta.1",
        "zipball_url": "https://api.github.com/repos/mendix/native-template/zipball/v6.3.0-beta.1"
    },
    {
        "id": 75746644,
        "tag_name": "v6.2.26-beta.2",
        "name": "v6.2.26-beta.2",
        "draft": false,
        "prerelease": true,
        "body": "Test 726",
        "created_at": "2022-08-23T11:44:21Z",
        "published_at": "2022-08-30T09:19:54Z",
        "tarball_url": "https://api.github.com/repos/mendix/native-template/tarball/v6.2.26-beta.2",
        "zipball_url": "https://api.github.com/repos/mendix/native-template/zipball/v6.2.26-beta.2"
    },
    {
        "id": 75652109,
        "tag_name": "6.2.26-beta.1",
        "name": "v6.2.26-beta.1",
        "draft": false,
        "prerelease": true,
        "body": "",
        "created_at": "2022-08-19T14:23:02Z",
        "published_at": "2022-08-29T15:04:56Z",
        "tarball_url": "https://api.github.com/repos/mendix/native-template/tarball/6.2.26-beta.1",
        "zipball_url": "https://api.github.com/repos/mendix/native-template/zipball/6.2.26-beta.1"
    },
    {
        "id": 74509369,
        "tag_name": "v6.2.25",
        "name": "Release 6.2.25",
        "draft": false,
        "prerelease": false,
        "body": "### Fixes\r\n- Update ndk version to match AppCenter\r\n- Update react-native-permissions library\r\n- Removed `mendix.templateVersion` from package.json\r\n",
        "created_at": "2022-08-16T12:08:07Z",
        "published_at": "2022-08-16T12:10:50Z",
        "tarball_url": "https://api.github.com/repos/mendix/native-template/tarball/v6.2.25",
        "zipball_url": "https://api.github.com/repos/mendix/native-template/zipball/v6.2.25"
    },
    {
        "id": 74506867,
        "tag_name": "6.2.25-beta.4",
        "name": "6.2.25-beta.4",
        "draft": false,
        "prerelease": true,
        "body": "### Fixes\r\n- Update ndk version to match AppCenter\r\n- Update react-native-permissions library\r\n- Removed `mendix.templateVersion` from package.json\r\n",
        "created_at": "2022-08-16T11:04:25Z",
        "published_at": "2022-08-16T11:35:13Z",
        "tarball_url": "https://api.github.com/repos/mendix/native-template/tarball/6.2.25-beta.4",
        "zipball_url": "https://api.github.com/repos/mendix/native-template/zipball/6.2.25-beta.4"
    },
    {
        "id": 73315925,
        "tag_name": "v6.2.25-beta.1",
        "name": "6.2.25 - beta.1",
        "draft": false,
        "prerelease": true,
        "body": "",
        "created_at": "2022-08-01T08:08:01Z",
        "published_at": "2022-08-01T08:17:27Z",
        "tarball_url": "https://api.github.com/repos/mendix/native-template/tarball/v6.2.25-beta.1",
        "zipball_url": "https://api.github.com/repos/mendix/native-template/zipball/v6.2.25-beta.1"
    },
    {
        "id": 72862729,
        "tag_name": "v6.2.24",
        "name": "Release 6.2.24",
        "draft": false,
        "prerelease": false,
        "body": "* We fixed an issue while uploading an iOS application to App Store\r\n* We fixed crashes on Xiaomi smartphones\r\n* We fixed an issue while building Android apps on AppCenter",
        "created_at": "2022-07-26T14:11:21Z",
        "published_at": "2022-07-26T14:20:30Z",
        "tarball_url": "https://api.github.com/repos/mendix/native-template/tarball/v6.2.24",
        "zipball_url": "https://api.github.com/repos/mendix/native-template/zipball/v6.2.24"
    },
    {
        "id": 72853440,
        "tag_name": "6.2.24-beta.2",
        "name": "6.2.24-beta.2",
        "draft": false,
        "prerelease": true,
        "body": "",
        "created_at": "2022-07-26T12:39:03Z",
        "published_at": "2022-07-26T12:39:57Z",
        "tarball_url": "https://api.github.com/repos/mendix/native-template/tarball/6.2.24-beta.2",
        "zipball_url": "https://api.github.com/repos/mendix/native-template/zipball/6.2.24-beta.2"
    },
    {
        "id": 72841553,
        "tag_name": "6.2.24-beta.1",
        "name": "6.2.24-beta.1",
        "draft": false,
        "prerelease": true,
        "body": "",
        "created_at": "2022-07-26T10:19:50Z",
        "published_at": "2022-07-26T10:23:54Z",
        "tarball_url": "https://api.github.com/repos/mendix/native-template/tarball/6.2.24-beta.1",
        "zipball_url": "https://api.github.com/repos/mendix/native-template/zipball/6.2.24-beta.1"
    },
    {
        "id": 72223508,
        "tag_name": "v6.2.23",
        "name": "Release 6.2.23",
        "draft": false,
        "prerelease": false,
        "body": "- We updated the minimum version of iOS to 14\r\n- We remove QUERY_ALL_PACKAGES permission for Android apps\r\n- We updated the version of react-native-vector-icons to 9.1.0\r\n- We fixed an issue while building iOS apps in AppCenter",
        "created_at": "2022-07-18T13:03:45Z",
        "published_at": "2022-07-18T13:06:16Z",
        "tarball_url": "https://api.github.com/repos/mendix/native-template/tarball/v6.2.23",
        "zipball_url": "https://api.github.com/repos/mendix/native-template/zipball/v6.2.23"
    },
    {
        "id": 72097202,
        "tag_name": "6.2.23-beta.2",
        "name": "6.2.23-beta.2",
        "draft": false,
        "prerelease": true,
        "body": "",
        "created_at": "2022-07-15T14:21:29Z",
        "published_at": "2022-07-15T14:22:30Z",
        "tarball_url": "https://api.github.com/repos/mendix/native-template/tarball/6.2.23-beta.2",
        "zipball_url": "https://api.github.com/repos/mendix/native-template/zipball/6.2.23-beta.2"
    },
    {
        "id": 72079102,
        "tag_name": "6.2.23-beta.1",
        "name": "6.2.23-beta.1",
        "draft": false,
        "prerelease": true,
        "body": "",
        "created_at": "2022-07-15T10:46:51Z",
        "published_at": "2022-07-15T10:48:11Z",
        "tarball_url": "https://api.github.com/repos/mendix/native-template/tarball/6.2.23-beta.1",
        "zipball_url": "https://api.github.com/repos/mendix/native-template/zipball/6.2.23-beta.1"
    },
    {
        "id": 70859921,
        "tag_name": "v6.2.23-beta.0",
        "name": "6.2.23-beta.0",
        "draft": false,
        "prerelease": true,
        "body": "",
        "created_at": "2022-06-15T09:18:49Z",
        "published_at": "2022-06-29T12:56:46Z",
        "tarball_url": "https://api.github.com/repos/mendix/native-template/tarball/v6.2.23-beta.0",
        "zipball_url": "https://api.github.com/repos/mendix/native-template/zipball/v6.2.23-beta.0"
    },
    {
        "id": 69498009,
        "tag_name": "v5.2.13",
        "name": "Release 5.2.13",
        "draft": false,
        "prerelease": false,
        "body": "### Fixes\r\n- We fixed an issue with the date picker not being visible in dark mode.",
        "created_at": "2022-06-15T08:57:22Z",
        "published_at": "2022-06-15T09:03:44Z",
        "tarball_url": "https://api.github.com/repos/mendix/native-template/tarball/v5.2.13",
        "zipball_url": "https://api.github.com/repos/mendix/native-template/zipball/v5.2.13"
    },
    {
        "id": 68424186,
        "tag_name": "v6.2.22",
        "name": "Release 6.2.22",
        "draft": false,
        "prerelease": false,
        "body": "### Fixes \r\n\r\n- We fixed an iOS build issue  (#150964, #150934)",
        "created_at": "2022-06-02T08:31:38Z",
        "published_at": "2022-06-02T08:33:35Z",
        "tarball_url": "https://api.github.com/repos/mendix/native-template/tarball/v6.2.22",
        "zipball_url": "https://api.github.com/repos/mendix/native-template/zipball/v6.2.22"
    },
    {
        "id": 68318557,
        "tag_name": "v6.2.21",
        "name": "Fix iOS build issue",
        "draft": false,
        "prerelease": false,
        "body": "### Fixes \r\n\r\n- We fixed an iOS build issue for projects using Crashlytics.",
        "created_at": "2022-06-01T08:40:05Z",
        "published_at": "2022-06-01T08:41:41Z",
        "tarball_url": "https://api.github.com/repos/mendix/native-template/tarball/v6.2.21",
        "zipball_url": "https://api.github.com/repos/mendix/native-template/zipball/v6.2.21"
    },
    {
        "id": 68159853,
        "tag_name": "v6.2.20",
        "name": "Logout issue bugfix",
        "draft": false,
        "prerelease": false,
        "body": "### Fixes \r\n\r\n- We fixed an issue with logout action (Ticket #147429) ",
        "created_at": "2022-05-30T13:06:19Z",
        "published_at": "2022-05-30T13:15:02Z",
        "tarball_url": "https://api.github.com/repos/mendix/native-template/tarball/v6.2.20",
        "zipball_url": "https://api.github.com/repos/mendix/native-template/zipball/v6.2.20"
    },
    {
        "id": 67068723,
        "tag_name": "v5.0.14",
        "name": "Use Mendix maven repository",
        "draft": false,
        "prerelease": false,
        "body": "### Fixes \r\n\r\n- We fixed an issue with JCenter on Android and CocoaPods on iOS, which would fail to build (Ticket #148798 #148819 #148830 #148840) ",
        "created_at": "2022-05-17T11:52:01Z",
        "published_at": "2022-05-17T11:52:45Z",
        "tarball_url": "https://api.github.com/repos/mendix/native-template/tarball/v5.0.14",
        "zipball_url": "https://api.github.com/repos/mendix/native-template/zipball/v5.0.14"
    },
    {
        "id": 66576594,
        "tag_name": "v5.1.19",
        "name": "Use Mendix maven repository",
        "draft": false,
        "prerelease": false,
        "body": "### Fixes \r\n\r\n- We fixed an issue with JCenter on Android and CocoaPods on iOS, which would fail to build (Ticket #148798 #148819 #148830 #148840) ",
        "created_at": "2022-05-16T16:23:27Z",
        "published_at": "2022-05-11T12:44:25Z",
        "tarball_url": "https://api.github.com/repos/mendix/native-template/tarball/v5.1.19",
        "zipball_url": "https://api.github.com/repos/mendix/native-template/zipball/v5.1.19"
    },
    {
        "id": 66575923,
        "tag_name": "v6.2.19",
        "name": "Fixed issue with CocoaPods",
        "draft": false,
        "prerelease": false,
        "body": "### Fixes \r\n\r\n- We fixed an issue with CocoaPods on iOS, which would fail to build",
        "created_at": "2022-05-11T12:36:38Z",
        "published_at": "2022-05-11T12:38:29Z",
        "tarball_url": "https://api.github.com/repos/mendix/native-template/tarball/v6.2.19",
        "zipball_url": "https://api.github.com/repos/mendix/native-template/zipball/v6.2.19"
    },
    {
        "id": 66494920,
        "tag_name": "v6.2.18",
        "name": "Use Mendix maven repository",
        "draft": false,
        "prerelease": false,
        "body": "### Fixes \r\n\r\n- We fixed an issue with JCenter on Android, which would fail to build (Ticket #148798 #148819 #148830 #148840) ",
        "created_at": "2022-05-11T08:01:23Z",
        "published_at": "2022-05-10T16:36:45Z",
        "tarball_url": "https://api.github.com/repos/mendix/native-template/tarball/v6.2.18",
        "zipball_url": "https://api.github.com/repos/mendix/native-template/zipball/v6.2.18"
    },
    {
        "id": 66576272,
        "tag_name": "v5.2.12",
        "name": "Fixed issue with CocoaPods",
        "draft": false,
        "prerelease": false,
        "body": "### Fixes \r\n\r\n- We fixed an issue with CocoaPods on iOS, which would fail to build",
        "created_at": "2022-05-11T12:40:50Z",
        "published_at": "2022-05-11T12:41:44Z",
        "tarball_url": "https://api.github.com/repos/mendix/native-template/tarball/v5.2.12",
        "zipball_url": "https://api.github.com/repos/mendix/native-template/zipball/v5.2.12"
    },
    {
        "id": 66494900,
        "tag_name": "v5.2.11",
        "name": "Use Mendix maven repository",
        "draft": false,
        "prerelease": false,
        "body": "### Fixes \r\n\r\n- We fixed an issue with JCenter on Android, which would fail to build (Ticket #148798 #148819 #148830 #148840) ",
        "created_at": "2022-05-11T08:01:33Z",
        "published_at": "2022-05-10T16:36:30Z",
        "tarball_url": "https://api.github.com/repos/mendix/native-template/tarball/v5.2.11",
        "zipball_url": "https://api.github.com/repos/mendix/native-template/zipball/v5.2.11"
    },
    {
        "id": 63053226,
        "tag_name": "v6.2.16",
        "name": "Fixing App Center OTA for Android",
        "draft": false,
        "prerelease": false,
        "body": "### Fixes \r\n\r\n- We fixed an issue with App Center CodePush on Android which would fail to install new OTA updates on devices. (Ticket 145335)",
        "created_at": "2022-03-29T15:49:40Z",
        "published_at": "2022-03-29T15:55:53Z",
        "tarball_url": "https://api.github.com/repos/mendix/native-template/tarball/v6.2.16",
        "zipball_url": "https://api.github.com/repos/mendix/native-template/zipball/v6.2.16"
    },
    {
        "id": 63012502,
        "tag_name": "v5.2.9",
        "name": "Android video player full screen support",
        "draft": false,
        "prerelease": false,
        "body": "### Improvements\r\n\r\n- Native Template now supports full-screen Android video. The full-screen icon can be found at the top of the video when the show control's property is set to `true`. When the icon is pressed the video will continue working on an overlay modal. (Ticket 135581)",
        "created_at": "2022-03-29T08:38:19Z",
        "published_at": "2022-03-29T08:47:13Z",
        "tarball_url": "https://api.github.com/repos/mendix/native-template/tarball/v5.2.9",
        "zipball_url": "https://api.github.com/repos/mendix/native-template/zipball/v5.2.9"
    },
    {
        "id": 62589378,
        "tag_name": "v6.2.15",
        "name": "Fix custom developer apps failing to build on iOS",
        "draft": false,
        "prerelease": false,
        "body": "### Fixes\r\n\r\n- We fixed an issue where iOS custom developer apps incurred problems while building.",
        "created_at": "2022-03-23T15:14:20Z",
        "published_at": "2022-03-23T15:16:00Z",
        "tarball_url": "https://api.github.com/repos/mendix/native-template/tarball/v6.2.15",
        "zipball_url": "https://api.github.com/repos/mendix/native-template/zipball/v6.2.15"
    },
    {
        "id": 62100367,
        "tag_name": "v6.2.14",
        "name": "Various hotfixes",
        "draft": false,
        "prerelease": false,
        "body": "### Description\r\nThis is a re-release of v6.2.13. We identified an issue when building an iOS app with Native Template v6.2.13 which we rectified with the release of v6.2.14.\r\n\r\n### Fixes\r\n* We fixed an issue where using `react-native-async-storage` made the iOS build fail due to duplicated symbols being generated.\r\n* We fixed an issue where compiling an Android app for release would fail when building on a Windows machine.",
        "created_at": "2022-03-17T13:02:41Z",
        "published_at": "2022-03-17T13:03:33Z",
        "tarball_url": "https://api.github.com/repos/mendix/native-template/tarball/v6.2.14",
        "zipball_url": "https://api.github.com/repos/mendix/native-template/zipball/v6.2.14"
    },
    {
        "id": 62001041,
        "tag_name": "v6.2.13",
        "name": "[Retracted] Please update to v6.2.14",
        "draft": false,
        "prerelease": false,
        "body": "### Retracted\r\nPlease ignore this update. If you already updated to v6.2.13 update to v6.2.14 to avoid failing iOS builds.",
        "created_at": "2022-03-16T13:38:21Z",
        "published_at": "2022-03-16T13:43:20Z",
        "tarball_url": "https://api.github.com/repos/mendix/native-template/tarball/v6.2.13",
        "zipball_url": "https://api.github.com/repos/mendix/native-template/zipball/v6.2.13"
    },
    {
        "id": 57944859,
        "tag_name": "v6.2.12",
        "name": "Fix for the \"Navigate To\" action on Android 11+",
        "draft": false,
        "prerelease": false,
        "body": "### Fixes\r\n\r\n- We identified and fixed an issue that would stop the \"Navigate To\" action from launching Google Maps on Android OS version 11 and later.",
        "created_at": "2022-01-25T18:02:19Z",
        "published_at": "2022-01-25T18:03:56Z",
        "tarball_url": "https://api.github.com/repos/mendix/native-template/tarball/v6.2.12",
        "zipball_url": "https://api.github.com/repos/mendix/native-template/zipball/v6.2.12"
    },
    {
        "id": 57945310,
        "tag_name": "v5.2.8",
        "name": "Fix for the \"Navigate To\" action on Android 11+ for Mendix 8",
        "draft": false,
        "prerelease": false,
        "body": "### Fixes\r\n\r\n- We identified and fixed an issue that would stop the \"Navigate To\" action from launching Google Maps on Android OS version 11 and later.",
        "created_at": "2022-01-25T18:05:51Z",
        "published_at": "2022-01-25T18:07:48Z",
        "tarball_url": "https://api.github.com/repos/mendix/native-template/tarball/v5.2.8",
        "zipball_url": "https://api.github.com/repos/mendix/native-template/zipball/v5.2.8"
    },
    {
        "id": 56534014,
        "tag_name": "v6.2.11",
        "name": "Fix for persisting sessions on app restart on iOS",
        "draft": false,
        "prerelease": false,
        "body": "### Summary\r\nWe identified and fixed a bug introduced with Native Template v6.2.9 and Mendix clients built with Mendix Studio Pro 9.8.0 or later and that support the new mobile encryption features. The iOS apps would wrongly clear the keychain values on each restart forcing users of the app to re-authenticate on each app restart.\r\n\r\n**Rebuilding and releasing a new iOS app with this Native Template version will solve the issue.** \r\n\r\n### Fixes\r\n\r\n- iOS apps should correctly persist the user session after each restart for clients built with Mendix Studio Pro 9.8.0 or later. (Ticket 138881)",
        "created_at": "2022-01-06T12:33:09Z",
        "published_at": "2022-01-06T12:45:22Z",
        "tarball_url": "https://api.github.com/repos/mendix/native-template/tarball/v6.2.11",
        "zipball_url": "https://api.github.com/repos/mendix/native-template/zipball/v6.2.11"
    },
    {
        "id": 55289991,
        "tag_name": "v6.2.10",
        "name": "Fix for Android crash when Appcenter's Codepush is enabled",
        "draft": false,
        "prerelease": false,
        "body": "### Fixes \r\n\r\n* We fixed an issue introduced with v6.2.9, that could crash the Android app when CodePush is enabled.",
        "created_at": "2021-12-14T16:12:44Z",
        "published_at": "2021-12-14T16:15:04Z",
        "tarball_url": "https://api.github.com/repos/mendix/native-template/tarball/v6.2.10",
        "zipball_url": "https://api.github.com/repos/mendix/native-template/zipball/v6.2.10"
    },
    {
        "id": 54241309,
        "tag_name": "v6.2.9",
        "name": "Add encryption for token and cookie to native mobile apps",
        "draft": false,
        "prerelease": false,
        "body": "### Improvements\r\n\r\n* We added support for the new native mobile encryption features introduced with Mendix Studio Pro v9.8.\r\n* We added support for authentication token encryption for iOS and Android.\r\n  * The token will be encrypted only for clients built with Mendix Studio Pro v9.8 and above. Lower Studio Pro versions do not support this feature and tokens will remain unencrypted.\r\n* We added support for all cookies on Android.\r\n  * All new app-specific cookies on Android from Native Template v6.2.9 and above will be automatically encrypted independently of the Studio Pro 9 minor version.\r\n\r\n### Fixes\r\n\r\n* We added file storage support for Android 30 to address the camera roll dependency.",
        "created_at": "2021-11-29T13:31:23Z",
        "published_at": "2021-11-29T13:51:23Z",
        "tarball_url": "https://api.github.com/repos/mendix/native-template/tarball/v6.2.9",
        "zipball_url": "https://api.github.com/repos/mendix/native-template/zipball/v6.2.9"
    },
    {
        "id": 54147553,
        "tag_name": "v6.2.9-beta.2",
        "name": "",
        "draft": false,
        "prerelease": true,
        "body": "",
        "created_at": "2021-11-26T17:12:15Z",
        "published_at": "2021-11-26T17:15:12Z",
        "tarball_url": "https://api.github.com/repos/mendix/native-template/tarball/v6.2.9-beta.2",
        "zipball_url": "https://api.github.com/repos/mendix/native-template/zipball/v6.2.9-beta.2"
    },
    {
        "id": 54140155,
        "tag_name": "v6.2.9-beta.1",
        "name": "",
        "draft": false,
        "prerelease": true,
        "body": "",
        "created_at": "2021-11-26T14:53:06Z",
        "published_at": "2021-11-26T14:53:42Z",
        "tarball_url": "https://api.github.com/repos/mendix/native-template/tarball/v6.2.9-beta.1",
        "zipball_url": "https://api.github.com/repos/mendix/native-template/zipball/v6.2.9-beta.1"
    },
    {
        "id": 52766552,
        "tag_name": "v6.2.8",
        "name": "Fix for the CallPhoneNumber javascript action on Android 11+",
        "draft": false,
        "prerelease": false,
        "body": "## Description\r\nWe identified and added a missing configuration that was failing the `CallPhoneNumber` javascript action on Android 11+ devices. Without it, the action will fail.\r\n\r\n## Fixes\r\n- We fixed an issue with the `CallPhoneNumber` javascript action on Android 11+ devices.",
        "created_at": "2021-11-05T08:38:22Z",
        "published_at": "2021-11-05T08:39:47Z",
        "tarball_url": "https://api.github.com/repos/mendix/native-template/tarball/v6.2.8",
        "zipball_url": "https://api.github.com/repos/mendix/native-template/zipball/v6.2.8"
    },
    {
        "id": 52765836,
        "tag_name": "v5.2.7",
        "name": "Fix for the OpenURL and CallPhoneNumber javascript action on Android 11+ ",
        "draft": false,
        "prerelease": false,
        "body": "### Description\r\n\r\nWe identified and added a missing configuration that was failing the `OpenURL` and `CallPhoneNumber` javascript action on Android 11+ devices. Without it, the actions will fail.\r\n\r\n### Fixes\r\n- We fixed an issue with the `OpenURL` and `CallPhoneNumber` javascript actions on Android 11+ devices.\r\n",
        "created_at": "2021-11-05T08:20:28Z",
        "published_at": "2021-11-05T08:25:30Z",
        "tarball_url": "https://api.github.com/repos/mendix/native-template/tarball/v5.2.7",
        "zipball_url": "https://api.github.com/repos/mendix/native-template/zipball/v5.2.7"
    },
    {
        "id": 52513333,
        "tag_name": "v5.2.6",
        "name": "Android login behaviour bug fix",
        "draft": false,
        "prerelease": false,
        "body": "### Fixes\r\n- We fixed a bug on Android that would not allow an app to reload correctly after the first login.",
        "created_at": "2021-11-02T11:55:04Z",
        "published_at": "2021-11-02T11:57:19Z",
        "tarball_url": "https://api.github.com/repos/mendix/native-template/tarball/v5.2.6",
        "zipball_url": "https://api.github.com/repos/mendix/native-template/zipball/v5.2.6"
    },
    {
        "id": 52009736,
        "tag_name": "v6.2.7",
        "name": "Mendix over the air update support",
        "draft": false,
        "prerelease": false,
        "body": "### Mendix over the air update support\r\n\r\nWith Mendix Studio Pro 9.7, Mendix added a new over the air update mechanism. With this new mechanism it's possible to update your apps directly via the runtime of your project and there's no need for 3rd party services. [Read More on the updated OTA how-to docs.](https://docs.mendix.com/howto/mobile/how-to-ota)\r\n\r\n### Fixes\r\n- We fixed bugs and optimised performance.",
        "created_at": "2021-10-25T21:23:43Z",
        "published_at": "2021-10-25T21:28:38Z",
        "tarball_url": "https://api.github.com/repos/mendix/native-template/tarball/v6.2.7",
        "zipball_url": "https://api.github.com/repos/mendix/native-template/zipball/v6.2.7"
    },
    {
        "id": 52010048,
        "tag_name": "v5.2.5",
        "name": "Android improvements",
        "draft": false,
        "prerelease": false,
        "body": "### Improvements\r\nWe improved the Sqlite database lifecycle on Android. This should remove the possibility for dead locks when the application is being restarted, for instance after an over the air update. ",
        "created_at": "2021-10-25T21:31:32Z",
        "published_at": "2021-10-25T21:34:11Z",
        "tarball_url": "https://api.github.com/repos/mendix/native-template/tarball/v5.2.5",
        "zipball_url": "https://api.github.com/repos/mendix/native-template/zipball/v5.2.5"
    },
    {
        "id": 51381526,
        "tag_name": "v6.2.7-alpha.3",
        "name": "",
        "draft": false,
        "prerelease": true,
        "body": "",
        "created_at": "2021-10-14T17:55:56Z",
        "published_at": "2021-10-14T17:56:29Z",
        "tarball_url": "https://api.github.com/repos/mendix/native-template/tarball/v6.2.7-alpha.3",
        "zipball_url": "https://api.github.com/repos/mendix/native-template/zipball/v6.2.7-alpha.3"
    },
    {
        "id": 51036003,
        "tag_name": "v6.2.7-alpha.2",
        "name": "",
        "draft": false,
        "prerelease": true,
        "body": "",
        "created_at": "2021-10-08T13:33:09Z",
        "published_at": "2021-10-08T13:33:38Z",
        "tarball_url": "https://api.github.com/repos/mendix/native-template/tarball/v6.2.7-alpha.2",
        "zipball_url": "https://api.github.com/repos/mendix/native-template/zipball/v6.2.7-alpha.2"
    },
    {
        "id": 50968715,
        "tag_name": "v6.2.7-alpha.1",
        "name": "",
        "draft": false,
        "prerelease": true,
        "body": "",
        "created_at": "2021-10-07T14:19:49Z",
        "published_at": "2021-10-07T14:20:22Z",
        "tarball_url": "https://api.github.com/repos/mendix/native-template/tarball/v6.2.7-alpha.1",
        "zipball_url": "https://api.github.com/repos/mendix/native-template/zipball/v6.2.7-alpha.1"
    },
    {
        "id": 50731211,
        "tag_name": "v6.2.6",
        "name": "Fix for the OpenURL javascript action on Android 11+",
        "draft": false,
        "prerelease": false,
        "body": "## Description\r\nWe identified and added a missing configuration that was failing the `OpenURL` javascript action on Android 11+ devices. Without it the action will fail.\r\n\r\n## Fixes\r\n- We fixed an issue with the `OpenURL` javascript action on Android 11+ devices.",
        "created_at": "2021-10-04T10:28:11Z",
        "published_at": "2021-10-04T10:30:36Z",
        "tarball_url": "https://api.github.com/repos/mendix/native-template/tarball/v6.2.6",
        "zipball_url": "https://api.github.com/repos/mendix/native-template/zipball/v6.2.6"
    },
    {
        "id": 50302421,
        "tag_name": "v6.2.5",
        "name": "Update AppCenter configuration to XCode 13",
        "draft": false,
        "prerelease": false,
        "body": "## Description\r\nWith the release of iOS 15 it is required to re-compile apps with XCode 13. This release bumps the configuration of App Center to use XCode 13.",
        "created_at": "2021-09-22T16:35:39Z",
        "published_at": "2021-09-27T08:47:02Z",
        "tarball_url": "https://api.github.com/repos/mendix/native-template/tarball/v6.2.5",
        "zipball_url": "https://api.github.com/repos/mendix/native-template/zipball/v6.2.5"
    },
    {
        "id": 50302440,
        "tag_name": "v5.2.4",
        "name": "Update AppCenter configuration to XCode 13",
        "draft": false,
        "prerelease": false,
        "body": "## Description\r\nWith the release of iOS 15 it is required to re-compile apps with XCode 13. This release bumps the configuration of App Center to use XCode 13.",
        "created_at": "2021-09-22T17:41:36Z",
        "published_at": "2021-09-27T08:47:28Z",
        "tarball_url": "https://api.github.com/repos/mendix/native-template/tarball/v5.2.4",
        "zipball_url": "https://api.github.com/repos/mendix/native-template/zipball/v5.2.4"
    },
    {
        "id": 50302484,
        "tag_name": "v5.1.17",
        "name": "Update AppCenter configuration to XCode 13",
        "draft": false,
        "prerelease": false,
        "body": "## Description\r\nWith the release of iOS 15 it is required to re-compile apps with XCode 13. This release bumps the configuration of App Center to use XCode 13.",
        "created_at": "2021-09-22T17:41:17Z",
        "published_at": "2021-09-27T08:48:11Z",
        "tarball_url": "https://api.github.com/repos/mendix/native-template/tarball/v5.1.17",
        "zipball_url": "https://api.github.com/repos/mendix/native-template/zipball/v5.1.17"
    },
    {
        "id": 50042537,
        "tag_name": "v6.2.4",
        "name": "Updated to latest required dependencies",
        "draft": false,
        "prerelease": false,
        "body": "### Description\r\nTo support new features and capabilities introduced with the latest versions of Mendix 9 we updated the main dependencies. \r\nThis version is backward compatible with previous Mendix Studio Pro 9 versions. \r\n\r\n\r\n### Improvements\r\n- Updated the React Native dependencies to v0.64.2",
        "created_at": "2021-09-17T15:52:45Z",
        "published_at": "2021-09-22T09:23:59Z",
        "tarball_url": "https://api.github.com/repos/mendix/native-template/tarball/v6.2.4",
        "zipball_url": "https://api.github.com/repos/mendix/native-template/zipball/v6.2.4"
    },
    {
        "id": 49277137,
        "tag_name": "v5.1.16",
        "name": "Fix for failing Android builds",
        "draft": false,
        "prerelease": false,
        "body": "### Description\r\nWe identified an issue with dependency resolution on Android that will fail the builds. Please upgrade if you are facing failing Android builds.\r\n\r\n### Fixes\r\n\r\n* We fixed an issue with dependencies resolution on Android.",
        "created_at": "2021-09-09T13:23:53Z",
        "published_at": "2021-09-09T13:24:40Z",
        "tarball_url": "https://api.github.com/repos/mendix/native-template/tarball/v5.1.16",
        "zipball_url": "https://api.github.com/repos/mendix/native-template/zipball/v5.1.16"
    },
    {
        "id": 49136929,
        "tag_name": "v6.2.3",
        "name": "Fix for failing Android builds",
        "draft": false,
        "prerelease": false,
        "body": "### Description\r\nWe identified an issue with dependency resolution on Android that will fail the builds. Please upgrade if you are facing failing Android builds.\r\n\r\n### Fixes\r\n\r\n* We fixed an issue with dependencies resolution on Android.",
        "created_at": "2021-09-07T15:04:20Z",
        "published_at": "2021-09-07T15:07:28Z",
        "tarball_url": "https://api.github.com/repos/mendix/native-template/tarball/v6.2.3",
        "zipball_url": "https://api.github.com/repos/mendix/native-template/zipball/v6.2.3"
    },
    {
        "id": 49136973,
        "tag_name": "v5.2.3",
        "name": "Fix for failing Android builds",
        "draft": false,
        "prerelease": false,
        "body": "### Description\r\nWe identified an issue with dependency resolution on Android that will fail the builds. Please upgrade if you are facing failing Android builds.\r\n\r\n### Fixes\r\n\r\n* We fixed an issue with dependencies resolution on Android.",
        "created_at": "2021-09-07T15:04:49Z",
        "published_at": "2021-09-07T15:07:58Z",
        "tarball_url": "https://api.github.com/repos/mendix/native-template/tarball/v5.2.3",
        "zipball_url": "https://api.github.com/repos/mendix/native-template/zipball/v5.2.3"
    },
    {
        "id": 47354493,
        "tag_name": "v5.2.2",
        "name": "Firebase Crashlytics support for Mendix v8.18.9 Apps",
        "draft": false,
        "prerelease": false,
        "body": "### Description \r\n\r\nThis release introduces support for Firebase Crashlytics and removes previous references to the deprecated `Fabric.io` dependencies. \r\n",
        "created_at": "2021-08-05T11:09:03Z",
        "published_at": "2021-08-05T13:05:46Z",
        "tarball_url": "https://api.github.com/repos/mendix/native-template/tarball/v5.2.2",
        "zipball_url": "https://api.github.com/repos/mendix/native-template/zipball/v5.2.2"
    },
    {
        "id": 47354605,
        "tag_name": "v5.1.15",
        "name": "Firebase Crashlytics support for Mendix v8.15 up to v8.18.8 Apps",
        "draft": false,
        "prerelease": false,
        "body": "### Description \r\n\r\nThis release introduces support for Firebase Crashlytics and removes previous references to the deprecated `Fabric.io` dependencies. \r\n",
        "created_at": "2021-08-05T11:09:55Z",
        "published_at": "2021-08-05T13:05:56Z",
        "tarball_url": "https://api.github.com/repos/mendix/native-template/tarball/v5.1.15",
        "zipball_url": "https://api.github.com/repos/mendix/native-template/zipball/v5.1.15"
    },
    {
        "id": 46991691,
        "tag_name": "v6.2.2",
        "name": "Fix for auto linking failures on iOS",
        "draft": false,
        "prerelease": false,
        "body": "### Description \r\nThis release fixes a bug with the auto linking mechanism for iOS that was introduced with v6.2.1. Please update if you previously updated to v6.2.1.\r\n\r\n### Fixes\r\n- We fixed a bug with the auto linking mechanism introduced with v6.2.1 which can lead to iOS builds failing.",
        "created_at": "2021-07-29T16:29:10Z",
        "published_at": "2021-07-29T16:33:29Z",
        "tarball_url": "https://api.github.com/repos/mendix/native-template/tarball/v6.2.2",
        "zipball_url": "https://api.github.com/repos/mendix/native-template/zipball/v6.2.2"
    },
    {
        "id": 46913890,
        "tag_name": "v6.2.1",
        "name": "Android API 30 support",
        "draft": false,
        "prerelease": false,
        "body": "### Re-release of v6.2.0\r\nThis is a re-release of v6.2.0 with the required fixes. Please update if you already are on v6.2.0\r\n\r\n### Breaking Change\r\n\r\n- We bumped the `react-native-image` internal dependency to version `4.0.3` and introduced the `react-native-permissions` dependency. Developers would need to update their `NativeMobileResources` module from the App Store to the latest version to avoid unexpected behaviours. Due to this change, developers previously relying on Over-The-Air updates for their apps would have to release new applications to the app store.\r\n\r\n[Read more on the API 30 requirent for Google Play](https://developer.android.com/distribute/play-policies#APILevel30)\r\n\r\n\r\n### Improvements\r\n\r\n- We made an improvement to the the capability configurations. We added an Implementation for the `appCenterOTA` capability. This removes the previous need to have `Codepush` bundled with every application even when Over-The-Air support is not enabled via the Native Mobile App Builder.\r\n- We implemented support for Android 11 devices.\r\n- We bumped `react-native-codepush` dependency to `6.4.1` due to security concerns on the previous version.\r\n\r\n### Fixes\r\n\r\n- We fixed a bug with Custom Developer apps introduced with 6.2.0 \r\n- We fixed a bug with a peer dependency introduce when upgading to API 30. \r\n",
        "created_at": "2021-07-28T15:18:22Z",
        "published_at": "2021-07-28T15:22:15Z",
        "tarball_url": "https://api.github.com/repos/mendix/native-template/tarball/v6.2.1",
        "zipball_url": "https://api.github.com/repos/mendix/native-template/zipball/v6.2.1"
    },
    {
        "id": 46914062,
        "tag_name": "v5.2.1",
        "name": "Android API 30 support for Mendix 8.18.9 Apps",
        "draft": false,
        "prerelease": false,
        "body": "### Re-release of v5.2.0\r\nThis is a re-release of v5.2.0 with required fixes. You should update if you are already on 5.2.0.\r\n\r\n### Breaking Change\r\n\r\n- We bumped the `react-native-image` internal dependency to version `4.0.3` and introduced the `react-native-permissions` dependency. Developers would need to update their `NativeMobileResources` module from the App Store to the latest version to avoid unexpected behaviours. Due to this change, developers previously relying on Over-The-Air updates for their apps would have to release new applications to the app store.\r\n\r\n[Read more on the API 30 requirent for Google Play](https://developer.android.com/distribute/play-policies#APILevel30)\r\n\r\n### Improvements\r\n\r\n- We made an improvement to the the capability configurations. We added an Implementation for the `appCenterOTA` capability. This removes the previous need to have `Codepush` bundled with every application even when Over-The-Air support is not enabled via the Native Mobile App Builder.\r\n- We implemented support for Android 11 devices.\r\n- We bumped `react-native-codepush` dependency to `6.4.1` due to security concerns on the previous version.\r\n",
        "created_at": "2021-07-28T09:56:34Z",
        "published_at": "2021-07-28T15:24:40Z",
        "tarball_url": "https://api.github.com/repos/mendix/native-template/tarball/v5.2.1",
        "zipball_url": "https://api.github.com/repos/mendix/native-template/zipball/v5.2.1"
    },
    {
        "id": 46421480,
        "tag_name": "v5.1.14",
        "name": "Flexible support for Over-The-Air-Updates with CodePush for Mendix v8.15 up to v8.18.8 Apps",
        "draft": false,
        "prerelease": false,
        "body": "### Improvements\r\n\r\n- We made an improvement to the the capability configurations. We added an Implementation for the `appCenterOTA` capability. This removes the previous need to have `Codepush` bundled with every application even when Over-The-Air support is not enabled via the Native Mobile App Builder.\r\n- We bumped `react-native-codepush` dependency to `6.4.1` due to security concerns on the previous version.\r\n- We removed support for the deprecated Fabric & Crashlytics module.\r\n\r\n",
        "created_at": "2021-07-20T11:48:57Z",
        "published_at": "2021-07-20T13:41:04Z",
        "tarball_url": "https://api.github.com/repos/mendix/native-template/tarball/v5.1.14",
        "zipball_url": "https://api.github.com/repos/mendix/native-template/zipball/v5.1.14"
    },
    {
        "id": 46420756,
        "tag_name": "v6.2.0",
        "name": "Android API 30 support",
        "draft": false,
        "prerelease": true,
        "body": "\r\n### Breaking Change\r\n\r\n- We bumped the `react-native-image` internal dependency to version `4.0.3` and introduced the `react-native-permissions` dependency. Developers would need to update their `NativeMobileResources` module from the App Store to the latest version to avoid unexpected behaviours. Due to this change, developers previously relying on Over-The-Air updates for their apps would have to release new applications to the app store.\r\n\r\n[Read more on the API 30 requirent for Google Play](https://developer.android.com/distribute/play-policies#APILevel30)\r\n\r\n### Improvements\r\n\r\n- We made an improvement to the the capability configurations. We added an Implementation for the `appCenterOTA` capability. This removes the previous need to have `Codepush` bundled with every application even when Over-The-Air support is not enabled via the Native Mobile App Builder.\r\n- We implemented support for Android 11 devices.\r\n- We bumped `react-native-codepush` dependency to `6.4.1` due to security concerns on the previous version.\r\n",
        "created_at": "2021-07-19T13:53:12Z",
        "published_at": "2021-07-20T13:41:56Z",
        "tarball_url": "https://api.github.com/repos/mendix/native-template/tarball/v6.2.0",
        "zipball_url": "https://api.github.com/repos/mendix/native-template/zipball/v6.2.0"
    },
    {
        "id": 46420903,
        "tag_name": "v5.2.0",
        "name": "Android API 30 support for Mendix 8.18.9 Apps",
        "draft": false,
        "prerelease": true,
        "body": "### Breaking Change\r\n\r\n- We bumped the `react-native-image` internal dependency to version `4.0.3` and introduced the `react-native-permissions` dependency. Developers would need to update their `NativeMobileResources` module from the App Store to the latest version to avoid unexpected behaviours. Due to this change, developers previously relying on Over-The-Air updates for their apps would have to release new applications to the app store.\r\n\r\n[Read more on the API 30 requirent for Google Play](https://developer.android.com/distribute/play-policies#APILevel30)\r\n\r\n### Improvements\r\n\r\n- We made an improvement to the the capability configurations. We added an Implementation for the `appCenterOTA` capability. This removes the previous need to have `Codepush` bundled with every application even when Over-The-Air support is not enabled via the Native Mobile App Builder.\r\n- We implemented support for Android 11 devices.\r\n- We bumped `react-native-codepush` dependency to `6.4.1` due to security concerns on the previous version.\r\n",
        "created_at": "2021-07-19T13:53:25Z",
        "published_at": "2021-07-20T13:41:47Z",
        "tarball_url": "https://api.github.com/repos/mendix/native-template/tarball/v5.2.0",
        "zipball_url": "https://api.github.com/repos/mendix/native-template/zipball/v5.2.0"
    },
    {
        "id": 45500375,
        "tag_name": "v6.1.7",
        "name": "Fix Android Custom Dev App crash with Deeplinks",
        "draft": false,
        "prerelease": false,
        "body": "### Description\r\n**DISCLAIMER: Release builds of your apps are not affected by this bug.** \r\n\r\nWe Identified that Android Custom Dev Apps might crash with the common \"Call your administrator\" dialog under certain circumstances when Deep Links are used. \r\n\r\n### Fixes \r\n\r\n- We identified and fixed an issue on Android Custom Dev apps with Deep links crashing the application.",
        "created_at": "2021-06-30T15:14:14Z",
        "published_at": "2021-06-30T15:20:00Z",
        "tarball_url": "https://api.github.com/repos/mendix/native-template/tarball/v6.1.7",
        "zipball_url": "https://api.github.com/repos/mendix/native-template/zipball/v6.1.7"
    },
    {
        "id": 45502590,
        "tag_name": "v5.1.13",
        "name": "Hardening Deeplinks on Custom Dev apps",
        "draft": false,
        "prerelease": false,
        "body": "### Description\r\n**DISCLAIMER: Release builds of your apps are not affected by any of these bugs.** \r\n\r\nWe identified and fixed that iOS Custom Dev Apps do not call the correct callback when the app is opened. \r\n\r\nWe Identified that Android Custom Dev Apps might crash with the common \"Call your administrator\" dialog under certain circumstances when Deep Links are used. \r\n\r\n### Improvements\r\nWhen installing pods (`pod install`) the Native Template is able to derive the XCode version on the system and correctly apply the XCode 12.5 compatibility patch. \r\n\r\n### Fixes\r\n- We identified and fixed an issue on iOS Custom Dev Apps with Deep links.\r\n- We identified and fixed an issue on Android Custom Dev apps with Deep links crashing the application.",
        "created_at": "2021-06-30T15:49:17Z",
        "published_at": "2021-06-30T15:51:23Z",
        "tarball_url": "https://api.github.com/repos/mendix/native-template/tarball/v5.1.13",
        "zipball_url": "https://api.github.com/repos/mendix/native-template/zipball/v5.1.13"
    },
    {
        "id": 44474518,
        "tag_name": "v5.1.12",
        "name": "Add Deep Links support to Custom Developer Apps for Mendx 9 apps",
        "draft": false,
        "prerelease": false,
        "body": "### Improvements\r\n\r\n* Custom developer apps now fully support deep links. This allows you to use custom developer apps to test deeplink use cases. For more information, see [How to Create a Custom Developer App](/howto/mobile/how-to-devapps) and [How to Set Up Deep Links in Native Mobile Apps](/howto/mobile/native-deep-link).\r\n\r\n### Breaking Change\r\n\r\nOn iOS, there are now two implementations of `AppDelegate.m.`: one for release apps, and one for developer apps. The more features we added, the more boilerplate we had to add to support the more complex requirements of custom developer apps. By splitting the implementation, release apps now receive a clean and simple implementation with the more complex implementation abstracted away. \r\n\r\nThis should make it easier to add custom code by simply following a dependency's documentation. \r\n\r\nPlease note that if your app requires custom initialization, for example, due to third-party dependencies, and you plan to test the implementation using custom developer apps, from this version and higher **you must duplicate that custom work** in the AppDelegate (found in `Dev/AppDelegate.m`).**",
        "created_at": "2021-06-11T11:42:09Z",
        "published_at": "2021-06-11T11:43:00Z",
        "tarball_url": "https://api.github.com/repos/mendix/native-template/tarball/v5.1.12",
        "zipball_url": "https://api.github.com/repos/mendix/native-template/zipball/v5.1.12"
    },
    {
        "id": 44359445,
        "tag_name": "v6.1.6",
        "name": "Add Deep Links support to Custom Developer Apps for Mendx 9 apps",
        "draft": false,
        "prerelease": false,
        "body": "### Improvements\r\n\r\n* Custom developer apps now fully support deep links. This allows you to use custom developer apps to test deeplink use cases. For more information, see [How to Create a Custom Developer App](/howto/mobile/how-to-devapps) and [How to Set Up Deep Links in Native Mobile Apps](/howto/mobile/native-deep-link).\r\n\r\n### Breaking Change\r\n\r\nOn iOS, there are now two implementations of `AppDelegate.m.`: one for release apps, and one for developer apps. The more features we added, the more boilerplate we had to add to support the more complex requirements of custom developer apps. By splitting the implementation, release apps now receive a clean and simple implementation with the more complex implementation abstracted away. \r\n\r\nThis should make it easier to add custom code by simply following a dependency's documentation. \r\n\r\nPlease note that if your app requires custom initialization, for example, due to third-party dependencies, and you plan to test the implementation using custom developer apps, from this version and higher **you must duplicate that custom work** in the AppDelegate (found in `Dev/AppDelegate.m`).**",
        "created_at": "2021-06-09T16:11:07Z",
        "published_at": "2021-06-09T16:12:14Z",
        "tarball_url": "https://api.github.com/repos/mendix/native-template/tarball/v6.1.6",
        "zipball_url": "https://api.github.com/repos/mendix/native-template/zipball/v6.1.6"
    },
    {
        "id": 44334134,
        "tag_name": "v5.1.12-rc2",
        "name": "",
        "draft": false,
        "prerelease": true,
        "body": "",
        "created_at": "2021-06-09T09:34:44Z",
        "published_at": "2021-06-09T09:36:09Z",
        "tarball_url": "https://api.github.com/repos/mendix/native-template/tarball/v5.1.12-rc2",
        "zipball_url": "https://api.github.com/repos/mendix/native-template/zipball/v5.1.12-rc2"
    },
    {
        "id": 42965873,
        "tag_name": "v5.1.11",
        "name": "Hotfixes for Mendix 8.15.1 and newer",
        "draft": false,
        "prerelease": false,
        "body": "### Fixes\r\n\r\n- We fixed an issue with the Firebase module dependencies being automatically linked on the iOS application even when the Firebase capability is disabled.",
        "created_at": "2021-05-14T15:18:36Z",
        "published_at": "2021-05-14T15:21:09Z",
        "tarball_url": "https://api.github.com/repos/mendix/native-template/tarball/v5.1.11",
        "zipball_url": "https://api.github.com/repos/mendix/native-template/zipball/v5.1.11"
    },
    {
        "id": 42842834,
        "tag_name": "v6.1.5",
        "name": "Fix for failing Android builds when using Firebase",
        "draft": false,
        "prerelease": false,
        "body": "### Fixes\r\nA new version of Google Firebase has been released that breaks compatibility with the version used in the the Firebase related pluggable widgets. \r\n\r\n**If you are using Firebase push notifications in your application, update your Native Template to avoid your Android builds failing.**",
        "created_at": "2021-05-12T13:38:24Z",
        "published_at": "2021-05-12T13:58:15Z",
        "tarball_url": "https://api.github.com/repos/mendix/native-template/tarball/v6.1.5",
        "zipball_url": "https://api.github.com/repos/mendix/native-template/zipball/v6.1.5"
    },
    {
        "id": 40999241,
        "tag_name": "v5.1.10",
        "name": "Hotfixes for Mendix 8.15.1 and newer",
        "draft": false,
        "prerelease": false,
        "body": "### Hotfix for v5.1.9\r\n\r\nThis release fixes a bug with v5.1.9 that could lead to iOS builds failing for no apparent reason.\r\n\r\n### Improvements \r\n\r\n- Android Custom Developer Apps support deep links. \r\n\r\n### Fixes \r\n\r\n- We fixed an issue that was causing iOS builds to fail with Native Template v5.1.9.\r\n",
        "created_at": "2021-04-06T13:53:37Z",
        "published_at": "2021-04-06T13:56:25Z",
        "tarball_url": "https://api.github.com/repos/mendix/native-template/tarball/v5.1.10",
        "zipball_url": "https://api.github.com/repos/mendix/native-template/zipball/v5.1.10"
    },
    {
        "id": 40780276,
        "tag_name": "v6.1.4",
        "name": "Hotfix for v6.1.3 for Mendix 9",
        "draft": false,
        "prerelease": false,
        "body": "### Hotfix for v6.1.3\r\n\r\n- We fixed an issue that was causing iOS builds to fail with Native Template v6.1.3.\r\n\r\n### Improvements\r\n\r\nThe iOS apps should now use a single window and handle scene switching with view controllers instead. This should result in better compatibility in some edge cases.\r\n\r\n### Fixes \r\n\r\n- We fixed the App Center scripts to fail early when something is wrong.",
        "created_at": "2021-03-31T19:14:53Z",
        "published_at": "2021-03-31T19:18:06Z",
        "tarball_url": "https://api.github.com/repos/mendix/native-template/tarball/v6.1.4",
        "zipball_url": "https://api.github.com/repos/mendix/native-template/zipball/v6.1.4"
    },
    {
        "id": 40748109,
        "tag_name": "v6.1.3",
        "name": "Improvements for Mendix 9 apps",
        "draft": false,
        "prerelease": false,
        "body": "### Improvements\r\n\r\nThe iOS apps should now use a single window and handle scene switching with view controllers instead. This should result in better compatibility in some edge cases.\r\n\r\n### Fixes \r\n\r\n- We fixed the App Center scripts to fail early when something is wrong.",
        "created_at": "2021-03-31T09:42:10Z",
        "published_at": "2021-03-31T09:51:41Z",
        "tarball_url": "https://api.github.com/repos/mendix/native-template/tarball/v6.1.3",
        "zipball_url": "https://api.github.com/repos/mendix/native-template/zipball/v6.1.3"
    },
    {
        "id": 40747803,
        "tag_name": "v5.1.9",
        "name": "Enabling Mobile Toolkit for Mendix 8.15.1 and newer",
        "draft": false,
        "prerelease": false,
        "body": "### Mobile Toolkit\r\nMobile Toolkit is a new configuration CLI that we introduced to the Native Template. This way we are moving the responsibility of configuring your project to the Template, allowing off-line users a path to auto configuring their project that previously was impossible due to the online requirement of the Native Mobile Builder. The cli supports a single command:\r\n\r\n`native-mobile-toolkit configure --config-path='./config.json'`\r\n\r\nor\r\n\r\n`npm run configure`\r\n\r\nNative Mobile Builder writes to the config.json and commits assets to relative locations. The CLI then reads the config and handles, configuring the projects and moving any assets to the right locations for the projects.\r\n\r\n### Fixes\r\n\r\n- We fixed another case where Firebase might crash the Custom Developer app when enabling debug mode.",
        "created_at": "2021-03-31T09:32:25Z",
        "published_at": "2021-03-31T09:46:08Z",
        "tarball_url": "https://api.github.com/repos/mendix/native-template/tarball/v5.1.9",
        "zipball_url": "https://api.github.com/repos/mendix/native-template/zipball/v5.1.9"
    },
    {
        "id": 40747684,
        "tag_name": "v5.0.13",
        "name": "Hotfixes for Mendix 8.12.1 up to 8.15.0",
        "draft": false,
        "prerelease": false,
        "body": "### Fixes\r\n\r\n- We fixed another case where Firebase might crash the Custom Developer app when enabling debug mode. ",
        "created_at": "2021-03-31T09:32:43Z",
        "published_at": "2021-03-31T09:44:03Z",
        "tarball_url": "https://api.github.com/repos/mendix/native-template/tarball/v5.0.13",
        "zipball_url": "https://api.github.com/repos/mendix/native-template/zipball/v5.0.13"
    },
    {
        "id": 39990814,
        "tag_name": "v6.1.2",
        "name": "Improvements for Mendix 9",
        "draft": false,
        "prerelease": false,
        "body": "### Improvements\r\n\r\n* Switched to using ExoPlayer for the video widgets.\r\n* When toggling capabilities manually a know version of the required dependency will be added to the app.\r\n* We Introduced firebase and Crashlytics capabilities for each supported platform.\r\n\r\n\r\n\r\n\r\n",
        "created_at": "2021-03-18T09:08:36Z",
        "published_at": "2021-03-18T09:16:15Z",
        "tarball_url": "https://api.github.com/repos/mendix/native-template/tarball/v6.1.2",
        "zipball_url": "https://api.github.com/repos/mendix/native-template/zipball/v6.1.2"
    },
    {
        "id": 39922613,
        "tag_name": "v5.1.8",
        "name": "Hotfixes for Mendix 8.15.1 and newer",
        "draft": false,
        "prerelease": false,
        "body": "### Fixes \r\n* We fixed an issue that  could crash apps due to the fix released with v5.1.7 of Native Template\r\n* We fixed an issue that could crash a custom developer app when JS debugging was enabled.",
        "created_at": "2021-03-17T06:55:26Z",
        "published_at": "2021-03-17T06:58:20Z",
        "tarball_url": "https://api.github.com/repos/mendix/native-template/tarball/v5.1.8",
        "zipball_url": "https://api.github.com/repos/mendix/native-template/zipball/v5.1.8"
    },
    {
        "id": 39922629,
        "tag_name": "v5.0.12",
        "name": "Hotfixes for Mendix 8.12.1 up to 8.15.0",
        "draft": false,
        "prerelease": false,
        "body": "### Fixes\r\n\r\n* We fixed an issue that could crash apps due to the fix released with v5.1.7 of Native Template\r\n* We fixed an issue that could crash a custom developer app when JS debugging was enabled.",
        "created_at": "2021-03-17T06:54:36Z",
        "published_at": "2021-03-17T06:59:04Z",
        "tarball_url": "https://api.github.com/repos/mendix/native-template/tarball/v5.0.12",
        "zipball_url": "https://api.github.com/repos/mendix/native-template/zipball/v5.0.12"
    },
    {
        "id": 39742207,
        "tag_name": "v5.1.7",
        "name": "[Retracted] Hotfixes for Mendix 8.15.1 and newer",
        "draft": false,
        "prerelease": true,
        "body": "### Fixes\r\n- We fixed an issue that could crash a custom developer app when JS debugging was enabled.",
        "created_at": "2021-03-12T22:48:58Z",
        "published_at": "2021-03-12T22:54:23Z",
        "tarball_url": "https://api.github.com/repos/mendix/native-template/tarball/v5.1.7",
        "zipball_url": "https://api.github.com/repos/mendix/native-template/zipball/v5.1.7"
    },
    {
        "id": 39742186,
        "tag_name": "v5.0.11",
        "name": "[Retracted] Hotfixes for Mendix 8.12.1 up to 8.15.0",
        "draft": false,
        "prerelease": true,
        "body": "### Fixes\r\n- We fixed an issue that could crash a custom developer app when JS debugging was enabled.",
        "created_at": "2021-03-12T22:47:56Z",
        "published_at": "2021-03-12T22:53:15Z",
        "tarball_url": "https://api.github.com/repos/mendix/native-template/tarball/v5.0.11",
        "zipball_url": "https://api.github.com/repos/mendix/native-template/zipball/v5.0.11"
    },
    {
        "id": 38072265,
        "tag_name": "v6.1.1",
        "name": "Hotfixes for Mendix 9.0.3 or later",
        "draft": false,
        "prerelease": false,
        "body": "### Fixes\r\n\r\n- The react-native-image-picker patch should now apply correctly on windows.\r\n- On iOS the PRODUCT_NAME variable is now settable via the XC config file of each target. ",
        "created_at": "2021-02-15T17:08:52Z",
        "published_at": "2021-02-15T17:18:09Z",
        "tarball_url": "https://api.github.com/repos/mendix/native-template/tarball/v6.1.1",
        "zipball_url": "https://api.github.com/repos/mendix/native-template/zipball/v6.1.1"
    },
    {
        "id": 38072200,
        "tag_name": "v5.1.6",
        "name": "Hotfixes for Mendix 8.15.1 and newer",
        "draft": false,
        "prerelease": false,
        "body": "### Fixes\r\n\r\n- We updated react-native-image-picker dependency\r\n- The react-native-image-picker patch should now apply correctly on windows.\r\n- On iOS the PRODUCT_NAME variable is now settable via XC config file of each target. ",
        "created_at": "2021-02-15T17:08:17Z",
        "published_at": "2021-02-15T17:16:28Z",
        "tarball_url": "https://api.github.com/repos/mendix/native-template/tarball/v5.1.6",
        "zipball_url": "https://api.github.com/repos/mendix/native-template/zipball/v5.1.6"
    },
    {
        "id": 38072172,
        "tag_name": "v5.0.10",
        "name": "Hotfixes for Mendix 8.12.1 up to 8.15.0",
        "draft": false,
        "prerelease": false,
        "body": "### Fixes\r\n\r\n- We updated react-native-image-picker dependency\r\n- The react-native-image-picker patch should now apply correctly on windows.\r\n- On iOS the PRODUCT_NAME variable is now settable via XC config file of each target. ",
        "created_at": "2021-02-15T17:08:01Z",
        "published_at": "2021-02-15T17:15:22Z",
        "tarball_url": "https://api.github.com/repos/mendix/native-template/tarball/v5.0.10",
        "zipball_url": "https://api.github.com/repos/mendix/native-template/zipball/v5.0.10"
    },
    {
        "id": 37991246,
        "tag_name": "v6.1.0",
        "name": "Dependency management for Mendix Studio Pro 9.0.3 Beta ",
        "draft": false,
        "prerelease": false,
        "body": "### Dependency Management\r\nWith this release Native Template supports the newly introduced Native Dependency management system released with Mendix Studio Pro 9.0.3 in conjunction with Mendix Native Mobile Builder.\r\n\r\nNative widgets and JS actions can now define their Native Dependencies. Mendix Native Mobile Builder, collects the dependencies and sets up your Native Template with exactly the dependencies that are needed. \r\n\r\n### Mobile Toolkit\r\nMobile Toolkit is a new configuration CLI that we introduced to the Native Template. This way we are moving the responsibility of configuring your project to the Template, allowing off-line users a path to auto configuring their project that previously was impossible due to the online requirement of the Native Mobile Builder. The cli supports a single command: \r\n\r\n`native-mobile-toolkit configure --config-path='./config.json'` \r\n\r\nor \r\n\r\n`npm run configure`\r\n\r\nNative Mobile Builder writes to the config.json and commits assets to relative locations. The CLI then reads the config and handles, configuring the projects and moving any assets to the right locations for the projects. \r\n\r\n### Fixes \r\n- Target SKD reverted to 29 to support legacy storage on Android API 30\r\n- Reverted Android Gradle Plugin version to 4.0.2 to fix a short coming of App Center and version 4.1.x\r\n- Updated the React Native Device Info library to fix security issues\r\n- Patched React Native Image Picker to fix an issue with duplicate images on Android.",
        "created_at": "2021-02-05T13:30:25Z",
        "published_at": "2021-02-12T18:50:48Z",
        "tarball_url": "https://api.github.com/repos/mendix/native-template/tarball/v6.1.0",
        "zipball_url": "https://api.github.com/repos/mendix/native-template/zipball/v6.1.0"
    },
    {
        "id": 37371938,
        "tag_name": "v6.0.2",
        "name": "Hotfixes for Mendix 9",
        "draft": false,
        "prerelease": false,
        "body": "### Fixes\r\n\r\n- Fixed the keyboard behaviour on Android for inputs in scrollable views.\r\n- Updated the React Native Device Info library to fix security issues.\r\n- Patched React Native Image Picker to fix an issue with duplicated images on Android.",
        "created_at": "2021-02-04T18:57:47Z",
        "published_at": "2021-02-04T19:01:30Z",
        "tarball_url": "https://api.github.com/repos/mendix/native-template/tarball/v6.0.2",
        "zipball_url": "https://api.github.com/repos/mendix/native-template/zipball/v6.0.2"
    },
    {
        "id": 37371963,
        "tag_name": "v5.1.5",
        "name": "Hotfixes for Mendix 8.15.1 and newer",
        "draft": false,
        "prerelease": false,
        "body": "### Fixes\r\n\r\n- Fixed the keyboard behaviour on Android for inputs in scrollable views.\r\n- Updated the React Native Device Info library to fix security issues.\r\n- Patched React Native Image Picker to fix an issue with duplicated images on Android.",
        "created_at": "2021-02-04T18:58:04Z",
        "published_at": "2021-02-04T19:02:10Z",
        "tarball_url": "https://api.github.com/repos/mendix/native-template/tarball/v5.1.5",
        "zipball_url": "https://api.github.com/repos/mendix/native-template/zipball/v5.1.5"
    },
    {
        "id": 37372005,
        "tag_name": "v5.0.9",
        "name": "Hotfixes for Mendix 8.12.1 up to 8.15.0",
        "draft": false,
        "prerelease": false,
        "body": "### Fixes\r\n\r\n- Fixed the keyboard behaviour on Android for inputs in scrollable views.\r\n- Updated the React Native Device Info library to fix security issues.\r\n- Patched React Native Image Picker to fix an issue with duplicated images on Android.",
        "created_at": "2021-02-04T18:58:18Z",
        "published_at": "2021-02-04T19:03:06Z",
        "tarball_url": "https://api.github.com/repos/mendix/native-template/tarball/v5.0.9",
        "zipball_url": "https://api.github.com/repos/mendix/native-template/zipball/v5.0.9"
    }
]
