{
  "ios": {
    "trigger": "manual",
    "testEnabled": false,
    "signed": false,
    "environmentVariables": [
        { "name": "CODE_PUSH_KEY", "value": "" },
        { "name": "IS_DEV_APP", "value": false },
        { "name": "SUPPORTS_MOBILE_TOOLKIT", "value": false }
    ],
    "toolsets": {
      "xcode": {
        "xcodeVersion": "14.1",
        "automaticSigning": false,
        "projectOrWorkspacePath": "ios/NativeTemplate.xcworkspace",
        "podfilePath": "ios/Podfile",
        "scheme": "nativeTemplate"
      },
      "javascript": {
        "packageJsonPath": "package.json",
        "runTests": false,
        "nodeVersion": "14.x"
      },
      "buildscripts": {
        "package.json": {
          "postClone": "appcenter-post-clone.sh",
          "preBuild": "appcenter-pre-build.sh"
        }
      }
    }
  },
  "android": {
    "trigger": "manual",
    "testEnabled": false,
    "signed": false,
    "environmentVariables": [
      { "name": "CODE_PUSH_KEY", "value": "" },
      { "name": "IS_DEV_APP", "value": false },
      { "name": "SUPPORTS_MOBILE_TOOLKIT", "value": false },
      { "name": "JAVA_HOME", "value": "$(JAVA_HOME_11_X64)" }
    ],
    "toolsets": {
      "android": {
        "module": "app",
        "buildVariant": "appstoreDebug",
        "isRoot": false,
        "runTests": false,
        "runLint": false,
        "automaticSigning": false,
        "gradleWrapperPath": "android/gradlew"
      },
      "javascript": {
        "packageJsonPath": "package.json",
        "runTests": false,
        "nodeVersion": "16.x"
      },
      "buildscripts": {
        "package.json": {
          "postClone": "appcenter-post-clone.sh",
          "preBuild": "appcenter-pre-build.sh"
        }
      }
    }
  }
}
