{
  ">=9.18.0": {
    "max": "*",
    "min": "6.3.0"
  },
  ">=9.0.3": {
    "max": "6.2.*",
    "min": "6.0.0"
  },
  ">=9.0.1": {
    "max": "6.0.*",
    "min": "6.0.0"
  },
  ">=8.18.9": {
    "max": "5.2.*",
    "min": "5.2.0"
  },
  ">=8.15.0": {
    "max": "5.1.*",
    "min": "5.1.0"
  },
  ">=8.12.1": {
    "max": "5.0.*",
    "min": "5.0.0"
  },
  ">=8.9.0": {
    "max": "4.*.*",
    "min": "4.0.0"
  },
  "8.8.*": {
    "max": "3.2.*",
    "min": "3.2.0"
  },
  ">=8.7.0": {
    "max": "3.1.*",
    "min": "2.1.0"
  },
  ">=8.6.3": {
    "max": "3.2.*",
    "min": "3.2.0"
  },
  ">=8.5.0": {
    "max": "3.1.*",
    "min": "2.1.0"
  },
  "<8.5.0": {
    "max": "2.0.*",
    "min": "1.0.0"
  }
}
